{
  "Amazon DataZone launches integration with AWS Glue Data Quality": {
    "content": {
      "max": 0.8283964563053152,
      "max_5": 0.8124296570881983,
      "avg": 0.7634498916318021
    },
    "title": {
      "max": 0.8604212604897671,
      "max_5": 0.8497241867357838,
      "avg": 0.8150538775533541
    },
    "summary": {
      "max": 0.8558518951133411,
      "max_5": 0.8500977567605327,
      "avg": 0.8182747976633317
    }
  },
  "Amazon DataZone announces integration with AWS Lake Formation hybrid mode": {
    "content": {
      "max": 0.8220561816136069,
      "max_5": 0.8117216435181301,
      "avg": 0.7636042908805819
    },
    "title": {
      "max": 0.8452380767473116,
      "max_5": 0.8371577635654557,
      "avg": 0.8106833425791051
    },
    "summary": {
      "max": 0.8527686317775004,
      "max_5": 0.8401266627431314,
      "avg": 0.8064703878191859
    }
  },
  "Amazon Cognito is now available in Asia Pacific (Melbourne) Region": {
    "content": {
      "max": 0.8352312052025996,
      "max_5": 0.8187993668222411,
      "avg": 0.7587780958174519
    },
    "title": {
      "max": 0.9156813772505737,
      "max_5": 0.8524625078330965,
      "avg": 0.7999613087707242
    },
    "summary": {
      "max": 0.8909917602087223,
      "max_5": 0.8570963950640544,
      "avg": 0.8102210500511834
    }
  },
  "Amazon OpenSearch Ingestion now supports enrichment of streaming data with geographical location": {
    "content": {
      "max": 0.824107888107161,
      "max_5": 0.8012960929451941,
      "avg": 0.752321545985337
    },
    "title": {
      "max": 0.8620923321205824,
      "max_5": 0.8448730085632377,
      "avg": 0.7960388107715846
    },
    "summary": {
      "max": 0.8761114742363824,
      "max_5": 0.8501866271027116,
      "avg": 0.8053961727987949
    }
  },
  "AWS Clean Rooms ML is now generally available": {
    "content": {
      "max": 0.8052419130955996,
      "max_5": 0.782357020439757,
      "avg": 0.747857005105905
    },
    "title": {
      "max": 0.8389062380400136,
      "max_5": 0.8233513245455194,
      "avg": 0.7993857320324493
    },
    "summary": {
      "max": 0.8470996795236828,
      "max_5": 0.8377528242881003,
      "avg": 0.8058001252539492
    }
  },
  "Amazon Cognito customers can secure access to APIs using Amazon Verified Permissions": {
    "content": {
      "max": 0.8180807605032003,
      "max_5": 0.8053888737341325,
      "avg": 0.7606286121750747
    },
    "title": {
      "max": 0.8510442602059358,
      "max_5": 0.8361881843421767,
      "avg": 0.8050487265636171
    },
    "summary": {
      "max": 0.8903060064667154,
      "max_5": 0.8551875868120025,
      "avg": 0.8172230006360824
    }
  },
  "Amazon CloudWatch now supports cross-account anomaly detection": {
    "content": {
      "max": 0.8833411498620188,
      "max_5": 0.8250481198332338,
      "avg": 0.7559456937206429
    },
    "title": {
      "max": 0.9024304045945375,
      "max_5": 0.8614913378483724,
      "avg": 0.8101927784597579
    },
    "summary": {
      "max": 0.89907387730726,
      "max_5": 0.8700801197071589,
      "avg": 0.8181154861842165
    }
  },
  "AWS Lambda supports Kafka event sources in four new regions": {
    "content": {
      "max": 0.8843652907359935,
      "max_5": 0.820055034207351,
      "avg": 0.7607588756253639
    },
    "title": {
      "max": 0.8795500153065672,
      "max_5": 0.8431002500958961,
      "avg": 0.80238823903718
    },
    "summary": {
      "max": 0.9131915861372479,
      "max_5": 0.8605287924007037,
      "avg": 0.8206791476798515
    }
  },
  "Amazon SageMaker Studio Code Editor now supports custom images": {
    "content": {
      "max": 0.8106007444801803,
      "max_5": 0.7832209223956126,
      "avg": 0.7428090788381998
    },
    "title": {
      "max": 0.8058447337623528,
      "max_5": 0.8041885586283015,
      "avg": 0.7797692555842001
    },
    "summary": {
      "max": 0.8317367779351293,
      "max_5": 0.8171740527285284,
      "avg": 0.7876721560895253
    }
  },
  "Amazon Location Service releases Tracking SDK for iOS and Android": {
    "content": {
      "max": 0.9095596125804437,
      "max_5": 0.8356601531805635,
      "avg": 0.7561684995306883
    },
    "title": {
      "max": 0.8771060122457246,
      "max_5": 0.8408478981104629,
      "avg": 0.7939825017793274
    },
    "summary": {
      "max": 0.9054866450716564,
      "max_5": 0.8511211315157944,
      "avg": 0.7981262265011686
    }
  },
  "Amazon Bedrock is now available in the AWS Europe (Paris) Region": {
    "content": {
      "max": 0.8338933049410008,
      "max_5": 0.8183815253516091,
      "avg": 0.758375538212298
    },
    "title": {
      "max": 0.8759434589800024,
      "max_5": 0.8464635121017856,
      "avg": 0.8031027751689003
    },
    "summary": {
      "max": 0.8623572379077307,
      "max_5": 0.8488810637822557,
      "avg": 0.8045808514586931
    }
  },
  "Amazon RDS now supports M6gd database instances in six additional AWS regions": {
    "content": {
      "max": 0.8321543188347349,
      "max_5": 0.8098254658313166,
      "avg": 0.7526020836841588
    },
    "title": {
      "max": 0.8545361281121452,
      "max_5": 0.8457690005073051,
      "avg": 0.8096193885910364
    },
    "summary": {
      "max": 0.88029435552858,
      "max_5": 0.8494423401296132,
      "avg": 0.8080270139027255
    }
  },
  "AWS B2B Data Interchange is now HIPAA eligible and supports X12 version 5010 HIPAA transactions": {
    "content": {
      "max": 0.7647758449035496,
      "max_5": 0.7536154079377833,
      "avg": 0.7213417431766707
    },
    "title": {
      "max": 0.7984897448221677,
      "max_5": 0.7948689772911693,
      "avg": 0.771081518058509
    },
    "summary": {
      "max": 0.8188012912994029,
      "max_5": 0.8094015248981423,
      "avg": 0.780979785903457
    }
  },
  "Knowledge Bases for Amazon Bedrock offers support for CloudFormation and Service Quotas": {
    "content": {
      "max": 0.843227926466539,
      "max_5": 0.8030754948164975,
      "avg": 0.7615953028875325
    },
    "title": {
      "max": 0.8782694696622738,
      "max_5": 0.8316263562574264,
      "avg": 0.7999539902079718
    },
    "summary": {
      "max": 0.8749403830151393,
      "max_5": 0.8513510509634334,
      "avg": 0.8177587929339193
    }
  },
  "Amazon VPC CNI now supports automatic subnet discovery": {
    "content": {
      "max": 0.8161919927753514,
      "max_5": 0.7783057372621767,
      "avg": 0.7420659916501975
    },
    "title": {
      "max": 0.8164498603137249,
      "max_5": 0.8111711792952268,
      "avg": 0.7832716375215125
    },
    "summary": {
      "max": 0.8235385660526557,
      "max_5": 0.8141187437692385,
      "avg": 0.7895708470911671
    }
  },
  "Amazon OpenSearch Service doubles storage for OR1 and expands to four more regions": {
    "content": {
      "max": 0.8463853137935575,
      "max_5": 0.8098441045311329,
      "avg": 0.7526609798688344
    },
    "title": {
      "max": 0.8801763506670308,
      "max_5": 0.8517414927461303,
      "avg": 0.8078874433680746
    },
    "summary": {
      "max": 0.900699246492435,
      "max_5": 0.8635457487064808,
      "avg": 0.8177084422776624
    }
  },
  "Amazon CloudWatch RUM is generally available in 11 additional AWS Regions": {
    "content": {
      "max": 0.8215044090689357,
      "max_5": 0.8129889593545702,
      "avg": 0.7585323771579442
    },
    "title": {
      "max": 0.8589971661747643,
      "max_5": 0.8446638065632806,
      "avg": 0.8031574317393622
    },
    "summary": {
      "max": 0.8601160885110977,
      "max_5": 0.847015310739876,
      "avg": 0.8118455775208105
    }
  },
  "AWS Transfer Family offers predefined security policies for SFTP connectors": {
    "content": {
      "max": 0.777391293861106,
      "max_5": 0.7606657013406981,
      "avg": 0.7276190881062413
    },
    "title": {
      "max": 0.8009256101610246,
      "max_5": 0.7965936498350665,